,title,coments,tabcoins,topic
0,Como ativar um filtro de luz azul no Linux?,0,1,0
1,"Codecon 2023: conte√∫do, networking, comunidades e tudo que h√° de bom",0,3,0
2,[D√öVIDA] Como encontrar novos projetos ou parcerias para desenvolver SaaS ou ERP?,2,3,0
3,Controlando o tempo gasto em Jogos Digitais,1,1,0
4,isso √© Extraordin√°rio.,1,-7,0
5,FATUREI 71K NO ORG√ÇNICO EM 94 DIAS UTILIZANDO ESSE M√âTODO DE SEO,0,1,0
6,Projeto muito interessante: recriando o Windows de forma 100% open source,3,3,0
7,[Tutorial] Como otimizar um SVG,2,3,0
8,[D√∫vida] Meu curr√≠culo est√° razo√°vel?,0,1,0
9,Sobre o atual cen√°rio para reposicionamento profissional como programador (+ convite para postarem dicas e sugest√µes),0,1,0
10,Algu√©m estudando Rust?,4,1,0
11,Como melhorar minha logica de programa√ß√£o?,6,2,0
12,Como eu estou aprendendo a programar (do jeito errado),0,1,0
13,Procura-se por comunidades MASSINHAS,2,1,0
14,The hat losing its red: uma quebra no ciclo virtuoso da RedHat?,0,1,0
15,[D√∫vida] Python ou C#,2,1,0
16,ShuHaRi: t√©cnica oriental de artes marciais para carreira,1,1,0
17,D√∫vidas sobre ScreenManager Kivy,0,1,0
18,Precificar planos no meu SaaS,4,1,0
19,Como aprender LLVM vai te ajudar a entender como computadores funcionam.,5,4,0
20,Simplificando Binary Search üî•üîé,2,6,0
21,Para os amantes de RxJs: como voc√™ escreveria essa fun√ß√£o?,0,1,0
22,Compensa aprender C# hoje em dia?,14,3,0
23,IT Tools,0,1,0
24,[AJUDA] - Banco de dados MIcrosfot SQL Server com Sequelize retorna apenas uma string vazia,1,1,0
25,Como eu constru√≠ um projeto massa sem querer,10,3,0
26,O que eu fa√ßo realmente tem utilidade ?,2,2,0
27,[AJUDA] Iniciando uma carreira em backend,3,1,0
28,CEO da Hugging Face defende desenvolvimento de IAs de c√≥digo aberto em audi√™ncia parlamentar nos EUA,3,1,0
29,"Pela primeira vez, um grande modelo de linguagem (GPT-3) participa do benchmark MLPerf, considerado as ‚ÄúOlimp√≠adas do Machine Learning‚Äù",0,1,0
30,"Pitch: üöÄ Apresentando o Reposit√≥rio: Projeto de Post com Coment√°rio - Next.js App Router, React, TypeScript e Tailwind CSS üìù",0,2,0
31,"Tu√≠tes escritos por IAs s√£o mais convincentes do que os escritos por humanos, mostra nova pesquisa",1,2,0
32,"Remo√ß√£o de Fundo Gratuito, Open Source e dentro do Navegador",11,9,0
33,"Visa adquire startup brasileira de infraestrutura de pagamentos Pismo por 1 bilh√£o de d√≥lares, em um dos maiores neg√≥cios do ano",3,2,0
34,Empresas est√£o surpresas com a rea√ß√£o negativa dos funcion√°rios em rela√ß√£o √†s pol√≠ticas de retorno ao escrit√≥rio,4,1,0
35,"Ado√ß√£o do metaverso pelas empresas estagnou, mostra pesquisa",1,1,0
36,"Sites in√∫teis, gerados completamente por IAs, s√£o um novo problema para publicidade digital",0,1,0
37,[D√∫vida] Projeto pessoal,10,2,0
38,[D√∫vida] Projeto de API com Puppeteer,3,1,0
39,Procurando emprego(Remoto),3,1,0
40,Otimizando imagens docker com multi stage building,0,1,0
41,[D√∫vida] Linguagens de pseudo-baixo n√≠vel.,17,2,0
42,[D√∫vida] Como organizar a documenta√ß√£o de um projeto?,3,2,0
43,Criando uma aplica√ß√£o node em container,0,1,0
44,"Instalando um Framework em um container Docker, exemplo com laravel",0,1,0
45,D√∫vida: √â necess√°rio uma API Key do Google para utilizar o Google Maps no React Native?,0,1,0
46,Utilizando Python para sincronizar as vari√°veis de ambiente nos arquivos launch.json e config.json no desenvolvimento de App's Flutter,0,1,0
47,"Tomar caf√© para dar uma animada pode ser ""efeito placebo""",19,7,0
48,Quero criar meus SaaS me ajude...,2,1,0
49,Duvida em como executar uma procedure utilizando o prisma.io,0,1,0
50,Qual forma de aprendizado que funciona para voc√™ ?,4,1,0
51,"Jogo com Html,css e js puro",0,1,0
52,[ D√∫vida ] Como aproveitar melhor a experi√™ncia de um Senior?,1,1,0
53,[PITCH] reportwiz: gerador de relat√≥rios baseados em gr√°ficos e tabelas / Python,0,1,0
54,Evercookie de SamyK: O Incr√≠vel Cookie Persistente que Intrigou Ag√™ncias Secretas e ferrou com a Google,0,2,0
55,Como aplicar a estiliza√ß√£o de flex item para a tag legend de forma acess√≠vel,0,1,0
56,Procrastina√ß√£o: Como lutar contra isso segundo a neuroci√™ncia. (Sa√∫de Mental),24,6,0
57,ainda da tempo? SIM!!!,4,2,0
58,Se sente estagnado na programa√ß√£o ?,0,1,0
59,Criei uma API Wrapper para a api do TABNEWS,3,1,0
60,[D√∫vida] Migrar de √°rea - Games para Web/Software/Aplicativos,1,1,0
61,Como estou perdendo o medo do Ingl√™s,2,1,0
62,[QUESTION] Como voc√™s fazem para ter mais produtividade no MacOS?,1,1,0
63,Como subir rapidamente um server Tomcat no Ubuntu 22.04,0,2,0
64,ME AJUDA [D√∫vida] - üü†üü† Ser√° que isso existe?üü†,3,2,0
65,[D√öVIDA DAS GRANDES] - BackEnd e FrontEnd no mesmo repo/workspace | Django e React e outro exemplo,1,1,0
66,Vale a pena Concursos na √°rea de TECNOLOGIA?,3,1,0
67,O que √© um diagrama de espinha de peixe?,0,2,0
68,Como implementar a funcionalidade de gera√ß√£o de pacotes APK em um aplicativo Android?,0,1,0
69,GitHub: descaso com npm / Red Hat: raiva na comunidade / Devs + IAs para sempre,0,1,0
70,[D√∫vida] - big O,3,4,0
71,Como colocar SSL gratuito em um site hospedado localhost no IIS da microsoft?,0,1,0
72,Voc√™ tem interesse em aprender desenvolvimento de game com javascript?,8,2,0
73,Clean Code no Cinema,9,3,0
74,Voc√™ sempre quis saber como √© a Arquitetura de um SAAS em est√°gio inicial? Venha saber como √©!,1,2,0
75,[QUESTION] Recurso de pesquisa dentro do Tabnew,3,1,0
76,‚úÖVale apena aprender Java em 2023? ( alguem que ainda n√£o teve a primeira experiencia profissional e se apaixonou pelo java ),38,9,0
77,Por que os sistemas usados em lojas e supermercados s√£o t√£o feios?,8,1,0
78,como que cria ehi http injector ?,4,-4,0
79,[Duvida] Como typar as coisas ? ü§∑‚Äç‚ôÄÔ∏è,2,1,0
80,Erro: bin/brew: no such file or directory | Login Ubuntu,1,1,0
81,Tem como sair do VIM?,6,1,0
82,Artigos cient√≠ficos de computa√ß√£o em portugu√™s (API),2,1,0
83,T√¥ estudando HTML e CSS algu√©m pode me passar exerc√≠cios ?,24,2,0
84,[D√öVIDA] O tabnews tem uma API?,4,1,0
85,Dev cria vers√£o do ChatGPT para o Windows 3.1,0,2,0
86,Manipula√ß√£o interativa de Imagens baseada em Pontos (demonstra√ß√£o dentro do Navegador),3,3,0
87,[ü§îReflex√£o] Voc√™ √© feliz em sua carreira?,2,2,0
88,[D√∫vida] Qual linguagem utilizar para cadastro de usu√°rios e exames de um laborat√≥rio,13,0,0
89,Faculdade de Programa√ß√£o Open Source,5,1,0
90,[D√öVIDA] AJUDE UM PATOLA - Como acessar o conte√∫do HTML de um arquivo Twig (.tpl),0,1,0
91,Voc√™ tem alguma recomenda√ß√£o de browser?,14,0,0
92,Concurso Banco do Brasil 2023,10,5,0
93,RAIL: Modelo de Performance Centrado no Usu√°rio,0,1,0
94,SOMOS APENAS TRABALHADORES!,13,1,0
95,4 dicas e um pequeno Easter Egg do Pacman ‚ñ™Ô∏è ‚ñ™Ô∏è ‚ñ™Ô∏è  ‚ç©‚Éù,0,2,0
96,Windows: mudan√ßa dr√°stica / Controv√©rsia com Black Mirror / Gemini vs ChatGPT,2,3,0
97,Essenciais: Ferramentas Avan√ßadas de Linha de Comando para Desenvolvedores macOS,2,2,0
98,A Faculdade e Estudos,8,1,0
99,Dicas de marketing n√£o BS(besteirol) para empreendedores independentes[direto do indie hackers],5,6,0
